SEKTOR,ZONA,NOMOR_SHELTER,NAMA_SHELTER,TIPE_SHELTER,LATITUDE,LONGITUDE,KAPASITAS_JIWA,LUAS_HA,JUMLAH_JIWA,MODA,JALUR_EVAKUASI
SEKTOR C,Zona 94,167,SDN 18 Koto Tangah,PENDIDIKAN,-0.8217,100.3442,1355.0,34.0,1355.0,JALAN KAKI,Jln. Kelurahan Bungo Pasang ? Jln. Kelurahan Koto Panjang Ikuakoto ? TEA C1 Lahan
SEKTOR C,Zona 101,103,MESJID RAYA IKUR KOTO,MASJID/MUSHOLA,-0.831,100.345,1452.0,36.0,1452.0,JALAN KAKI,Jln. Kelurahan Bungo Pasang ? Jln. Kelurahan Koto Panjang Ikuakoto ? TEA C1 Lahan
SEKTOR D,Zona 63,73,HOTEL BASKO DAN PLAZA,HOTEL,-0.9015,100.3617,8763.0,93.7,8763.0,JALAN KAKI,Jln. Parkit ? Jln Simpang Labor ? Jln. Pro. Hamka ? Jln. Tunggul Hitam ? Jln. Kelurahan Dadok Tunggul Hitam ? Jln. By Pass ? TEA D2 TVRI
SEKTOR D,Zona 63,74,FAKULTAS SENI UNP,PENDIDIKAN,-0.9028,100.3653,,,,LANGSUNG MENUJU TEA,
SEKTOR D,Zona 63,75,MESJID AL Azhar UNP,PENDIDIKAN,-0.9032,100.3649,,,,LANGSUNG MENUJU TEA,
SEKTOR D,Zona 63,76,FAKULTAS ILMU PENDIDIKAN UNP,PENDIDIKAN,-0.9025,100.3658,,,,LANGSUNG MENUJU TEA,
SEKTOR D,Zona 63,78,FAKULTAS EKONOMI UNP,PENDIDIKAN,-0.895495,100.34958,,,,LANGSUNG MENUJU TEA,
SEKTOR D,Zona 68,77,PASCA SARJANA UNP,PENDIDIKAN,-0.9024,100.3646,8152.0,76.63,8152.0,JALAN KAKI,Jln. Cendrawasih ? Jln. Pro. Hamka ? Jln. Kelurahan Dadok Tunggul Hitam ? Jln. By Pass ? TEA D2 TVRI
SEKTOR D,Zona 68,80,MESJID BAITUSSALAM,MASJID/MUSHOLA,-0.893248,100.350633,,,,LANGSUNG MENUJU TEA,
SEKTOR D,Zona 70,79,STIKES SYEDZA,PENDIDIKAN,-0.894573,100.352916,6483.0,91.0,6483.0,JALAN KAKI,Jln. Pro. Hamka ? Jln. Tunggul Hitam ? Jln. Kelurahan Dadok Tunggul Hitam ? Jln. By Pass ? TEA D2 TVRI
SEKTOR D,Zona 70,81,SD SETIA,PENDIDIKAN,-0.890888,100.350883,,,,LANGSUNG MENUJU TEA,
SEKTOR D,Zona 70,163,SDN 26 & 28 Air Tawar Timur,PENDIDIKAN,-0.9175,100.3745,,,,LANGSUNG MENUJU TEA,
SEKTOR D,Zona 70,164,SDN 05 & 09 AIR TAWAR,PENDIDIKAN,-0.9195,100.3685,,,,LANGSUNG MENUJU TEA,
SEKTOR D,Zona 76,82,PT. WILMAR,LAINNYA,-0.875,100.356,4990.0,71.88,4990.0,JALAN KAKI,Jln. Jondul ? Jln. Pasir Parupuk ? Jln. Simpang Gia ? Jln. Masuk Bandara ? Jln. Angkasa Puri ? Jln. Kelurahan Dadok Tunggul Hitam ? Jln. By Pass ? TEA D2 TVRI
SEKTOR D,Zona 77,165,SDN 20 Tunggul Hitam,PENDIDIKAN,-0.8895,100.3505,6121.0,97.0,6121.0,JALAN KAKI,Jln. Angkasa Puri ? Jln. Kelurahan Dadok Tunggul Hitam ? Jln. By Pass ? TEA D2 TVRI
SEKTOR D,Zona 80,83,PT AMP,BANGUNAN KOMERSIAL,-0.8855,100.3485,3923.0,87.0,3923.0,JALAN KAKI,Jln. Prof. Hamka ? Jln. Pacuan Kuda ? Jln. Pagai Kelurahan Koto Panjang Ikua Koto ? Jln. By Pass ? TEA D2 TVRI
SEKTOR D,Zona 80,84,STTIND,PENDIDIKAN,-0.887,100.349,,,,LANGSUNG MENUJU TEA,
SEKTOR D,Zona 80,85,SMPN 13 PADANG,PENDIDIKAN,-0.963452,100.372059,,,,LANGSUNG MENUJU TEA,
SEKTOR E,Zona 47,46,MESJID ISTIQLAL,MASJID/MUSHOLA,-0.9428,100.3762,4226.0,53.73,4226.0,JALAN KAKI,Jln. Raden Saleh ? Jln. Kyai Ahmad Dahlan ? Jln. Gajah Mada ? Jln Ke PDAM ? TEA E1 Gunung Pangilun
SEKTOR E,Zona 47,160,SDN 26 RIMBO KALUANG,PENDIDIKAN,-0.9445,100.3742,,,,LANGSUNG MENUJU TEA,
SEKTOR E,Zona 48,42,DINAS PU PROP SUMATERA BARAT,GEDUNG PEMERINTAH,-0.9402,100.3632,10204.0,101.0,10204.0,JALAN KAKI,Jln. Kyai Ahmad Dahlan ? Jln. Gajah Mada ? Jln Ke PDAM ? TEA E1 Gunung Pangilun
SEKTOR E,Zona 48,43,HOTEL IBIS,HOTEL,-0.929663,100.362983,,,,LANGSUNG MENUJU TEA,
SEKTOR E,Zona 48,45,UNIVERSITAS TAMAN SISWA,PENDIDIKAN,-0.929495,100.365614,,,,LANGSUNG MENUJU TEA,
SEKTOR E,Zona 48,48,BAPPEDA PROV SUMBAR,GEDUNG PEMERINTAH,-0.941,100.3615,,,,LANGSUNG MENUJU TEA,
SEKTOR E,Zona 48,49,ERLANGGA,BANGUNAN KOMERSIAL,-0.9432,100.3652,,,,LANGSUNG MENUJU TEA,
SEKTOR E,Zona 48,50,MESJID RAYA SUMBAR,MASJID/MUSHOLA,-0.932141,100.380654,,,,LANGSUNG MENUJU TEA,
SEKTOR E,Zona 48,55,SMAN 3 PADANG,PENDIDIKAN,-0.91953,100.364204,,,,LANGSUNG MENUJU TEA,
SEKTOR E,Zona 49,52,SMKN 5 PADANG,PENDIDIKAN,-0.9462,100.3702,5935.0,57.84,5935.0,JALAN KAKI,Jln. S. Parman ? Jln. Nusa Indah ? Jln. Raden Saleh ? Jln. Kyai Ahmad Dahlan ? Jln. Gajah Mada ? Jln Ke PDAM ? TEA E1 Gunung Pangilun
SEKTOR E,Zona 49,53,SMPN 7 PADANG (<500),PENDIDIKAN,-0.9457,100.3692,,,,LANGSUNG MENUJU TEA,
SEKTOR E,Zona 51,51,STMIK INDONESIA,PENDIDIKAN,-0.9472,100.3722,5464.0,73.0,5464.0,JALAN KAKI,Jln. Perumahan Filano ? Jln Baledang ? TEA E1 Gunung Pangilun
SEKTOR E,Zona 51,54,SMK TEKNOLOGI,PENDIDIKAN,-0.9482,100.3732,,,,LANGSUNG MENUJU TEA,
SEKTOR E,Zona 51,56,SMAN 1 PADANG,PENDIDIKAN,-0.919725,100.353976,,,,LANGSUNG MENUJU TEA,
SEKTOR E,Zona 51,57,SMPN 25 PADANG,PENDIDIKAN,-0.919278,100.35754,,,,LANGSUNG MENUJU TEA,
SEKTOR E,Zona 51,59,TELKOMSEL,BANGUNAN KOMERSIAL,-0.91657,100.359051,,,,LANGSUNG MENUJU TEA,
SEKTOR E,Zona 53,58,SDN 15 LOLONG (<500),PENDIDIKAN,-0.9382,100.3642,4425.0,43.37,4425.0,JALAN KAKI,Jln. S. Parman ? Jln. Jakarta ? Jln. Khatib Sulaiman ? Jln. Joni Anwar ? Jln. Gajah Mada ? Jln Ke PDAM ? TEA E1 Gunung Pangilun
SEKTOR E,Zona 54,61,DITJEN PERBENDAHARAAN PROV SUMBAR,LAINNYA,-0.912218,100.359103,4952.0,62.0,4952.0,JALAN KAKI,Jln. Perjuangan ? Jln Gajah Mada ? Jln Ke PDAM ? TEA E1 Gunung Pangilun
SEKTOR E,Zona 54,63,STIKES ALIFAH,PENDIDIKAN,-0.914742,100.359035,,,,LANGSUNG MENUJU TEA,
SEKTOR E,Zona 54,65,BPK,LAINNYA,-0.9352,100.3602,,,,LANGSUNG MENUJU TEA,
SEKTOR E,Zona 54,154,SMP PERTIWI,PENDIDIKAN,-0.911232,100.358811,,,,LANGSUNG MENUJU TEA,
SEKTOR E,Zona 55,66,MESJID DARUL MUKHISIN,MASJID/MUSHOLA,-0.9302,100.3572,7563.0,94.0,7563.0,JALAN KAKI,Jln. Gajah Mada ? Jln Ke PDAM ? TEA E1 Gunung Pangilun
SEKTOR E,Zona 56,62,STIE AKBP,PENDIDIKAN,-0.915211,100.358062,4301.0,48.0,4301.0,JALAN KAKI,Jln. Jakarta ? Jln. Khatib Sulaiman ? Jln. Joni Anwar ? Jln. Gajah Mada ? Jln Ke PDAM ? TEA E1 Gunung Pangilun
SEKTOR E,Zona 56,64,PT SUKAFAJAR,BANGUNAN KOMERSIAL,-0.9342,100.3598,,,,LANGSUNG MENUJU TEA,
SEKTOR E,Zona 56,67,PASCA SARJANA UBH,PENDIDIKAN,-0.9312,100.3562,,,,LANGSUNG MENUJU TEA,
SEKTOR E,Zona 56,69,GEDUNG DAIHATSU DAN ACC FINANCE,GEDUNG PEMERINTAH,-0.9292,100.3552,,,,LANGSUNG MENUJU TEA,
SEKTOR E,Zona 56,161,SDN 14 BELANTI,PENDIDIKAN,-0.9282,100.3548,,,,LANGSUNG MENUJU TEA,
SEKTOR E,Zona 59,70,DPRD SUMATERA BARAT,GEDUNG PEMERINTAH,-0.906974,100.351879,6516.0,81.43,6516.0,JALAN KAKI,Jln. Khatib Sulaiman ? Jln. S. Parman ? Jln. Joni Anwar ? Jln. Gajah Mada ? Jln Ke PDAM ? TEA E1 Gunung Pangilun
SEKTOR E,Zona 59,71,PSDA PROV SUMBAR,GEDUNG PEMERINTAH,-0.9408,100.3578,,,,LANGSUNG MENUJU TEA,
SEKTOR E,Zona 59,72,VILLA HADIS,HOTEL,-0.927,100.3545,,,,LANGSUNG MENUJU TEA,
SEKTOR E,Zona 61,68,GEDUNG SEKOLAH AL AZHAR 32 PADANG,PENDIDIKAN,-0.9258,100.3528,10756.0,100.0,10756.0,JALAN KAKI,Jln. Joni Anwar ? Jln. Gajah Mada ? Jln Ke PDAM ? TEA E1 Gunung Pangilun
SEKTOR E,Zona 61,154,SWALAYAN SJS,BANGUNAN KOMERSIAL,-0.9248,100.3522,,,,LANGSUNG MENUJU TEA,
SEKTOR E,Zona 61,162,SD 20 BEROK BELANTI,LAINNYA,-0.9244,100.3518,,,,LANGSUNG MENUJU TEA,
SEKTOR E,Zona 62,151,INSTITUT TEKNOLOGI PADANG,LAINNYA,-0.9238,100.3512,2042.0,30.0,2042.0,JALAN KAKI,Jln. Sawah Liek ? TEA E1 Gunung Pangilun
SEKTOR E,Zona 62,152,SMPN 12 PADANG,PENDIDIKAN,-0.9232,100.3508,,,,LANGSUNG MENUJU TEA,
SEKTOR E,Zona 139,47,MESJID MUHSININ,MASJID/MUSHOLA,-0.9432,100.3762,3046.0,31.6,3046.0,JALAN KAKI,Jln. Rasuna Said ? Jln. Kyai Ahmad Dahlan ? Jln. Gajah Mada ? Jln Ke PDAM ? TEA E1 Gunung Pangilun
SEKTOR F,Zona 58,106,SMA N 12 PADANG,PENDIDIKAN,-0.924703,100.43462,2542.0,60.0,2542.0,JALAN KAKI,Jln. Gurun Lawas ? Jln. Kampung Marapak ? Jln. Balai Baru ? F1 Lahan
SEKTOR F,Zona 64,156,MASJID AN NUR,MASJID/MUSHOLA,-0.831533,100.322642,1619.0,48.0,1619.0,JALAN KAKI,Jln. Sei Sapih ? TEA F1 Lahan
SEKTOR F,Zona 65,158,PUSKESMAS SITEBA,PENDIDIKAN,-0.902500,100.372500,4604.0,44.0,4604.0,JALAN KAKI,Jln. Raya Siteba ? Jln. Sei Sapih ? TEA F1 Lahan
SEKTOR F,Zona 66,155,POLTEKES,PENDIDIKAN,-0.913693,100.367474,10617.0,81.0,10617.0,JALAN KAKI,Jln. Raya Siteba ? Jln. Sei Sapih ? TEA F1 Lahan
SEKTOR F,Zona 66,157,MASJID,MASJID/MUSHOLA,-0.887133,100.358758,,,,LANGSUNG MENUJU TEA,
SEKTOR G,Zona 22,4,SMP N 3 PADANG,PENDIDIKAN,-0.939005,100.369967,5973.0,68.08,5973.0,JALAN KAKI,Jln. Hos Cokroaminoto ? Jln. Tepi Pasang ? Jln. Thamrin ? Jln. Parak Pisang 1 ? Jln. Sisinga Mangaraja ? Jln. Dr. Sutomo ? TEA G1 Lahan
SEKTOR G,Zona 25,5,SMP N 4 PADANG,PENDIDIKAN,-0.939005,100.369967,4910.0,40.0,4910.0,JALAN KAKI,Jln. Pasar Batipuh ? Jln. Pasar Gadang ? Jln. Pasar Mudik ? Jln. Sultan Syahrir ? Jln. Parak Pisang ? Jln. Sisinga Mangaraja ? Jln Dr. Sutomo ? TEA G1 Lahan
SEKTOR G,Zona 25,113,SDN 15 BELAKANG PONDOK,PENDIDIKAN,-0.9572,100.3802,,,,LANGSUNG MENUJU TEA,
SEKTOR G,Zona 27,114,"SDN 02, 04, 11 PASA GADANG",PENDIDIKAN,-0.9582,100.3822,6086.0,46.0,6086.0,JALAN KAKI,Jln. Pasar Mudik ? Jln. Sultan Syahrir ? Jln. Parak Pisang ? Jln. Sisinga Mangaraja ? Jln Dr. Sutomo ? TEA G1 Lahan
SEKTOR G,Zona 28,6,SD AGNES,PENDIDIKAN,-0.9602,100.3842,7527.0,99.0,7527.0,JALAN KAKI,Jln. Muhammad Husni Thamrin ? Jln. Parak Pisang 1 ? Jln. Sisinga Mangaraja ? Jln. Dr. Sutomo ? TEA G1 Lahan
SEKTOR G,Zona 28,7,SMP MARIA,PENDIDIKAN,-0.955675,100.357545,,,,LANGSUNG MENUJU TEA,
SEKTOR G,Zona 28,8,HOTEL BUMI MINANG,HOTEL,-0.955789,100.358648,,,,LANGSUNG MENUJU TEA,
SEKTOR G,Zona 28,9,HOTEL PANGERAN CITY,HOTEL,-0.9505,100.3648,,,,LANGSUNG MENUJU TEA,
SEKTOR G,Zona 28,10,HOTEL MARIANI INTERNATIONAL,HOTEL,-0.9478,100.3642,,,,LANGSUNG MENUJU TEA,
SEKTOR G,Zona 28,11,MASJID NURUL IMAN,MASJID/MUSHOLA,-0.962043,100.462519,,,,LANGSUNG MENUJU TEA,
SEKTOR G,Zona 28,12,TK MARIA,PENDIDIKAN,-0.9618,100.3862,,,,LANGSUNG MENUJU TEA,
SEKTOR G,Zona 28,13,BANK NATIONAL INDONESIA (BNI),BANGUNAN KOMERSIAL,-0.9522,100.3748,,,,LANGSUNG MENUJU TEA,
SEKTOR G,Zona 28,20,HOTEL GRAND ZURI,HOTEL,-0.954688,100.364317,,,,LANGSUNG MENUJU TEA,
SEKTOR G,Zona 28,21,HOTEL AXANA,HOTEL,-0.95457,100.359364,,,,LANGSUNG MENUJU TEA,
SEKTOR G,Zona 28,22,SMPN 2 PADANG,PENDIDIKAN,-0.9483,100.3742,,,,LANGSUNG MENUJU TEA,
SEKTOR G,Zona 28,23,TELKOM,BANGUNAN KOMERSIAL,-0.953491,100.363252,,,,LANGSUNG MENUJU TEA,
SEKTOR G,Zona 28,24,MASJID RAYA MUHAMMADIYAH,MASJID/MUSHOLA,-0.9578,100.3808,,,,LANGSUNG MENUJU TEA,
SEKTOR G,Zona 28,26,PASAR INPRES,BANGUNAN KOMERSIAL,-0.9592,100.3837,,,,LANGSUNG MENUJU TEA,
SEKTOR G,Zona 28,116,SDN 01 & 08 & 18 & 20 & 36 & 37 ALANG LAWEH,PENDIDIKAN,-0.9622,100.3847,,,,LANGSUNG MENUJU TEA,
SEKTOR G,Zona 29,115,SMPN 9 PADANG,PENDIDIKAN,-0.952,100.3758,4887.0,54.0,4887.0,JALAN KAKI,Jln. Air Camar ? Jln. Aur Duri ? Jln. Aur Duri Indah ? Jln. Dr. Sutomo ? TEA G1 Lahan
SEKTOR G,Zona 34,25,BANK MANDIRI,BANGUNAN KOMERSIAL,-0.947578,100.363205,4857.0,67.0,4857.0,JALAN KAKI,Jln. H. Agus Salim ? Jln. Sawahan ? Jln. Doktor Wahidin ? Jln. Sisinga Mangaraja ? Jln Dr. Sutomo ? TEA G1 Lahan
SEKTOR G,Zona 34,27,KANTOR PAJAK,GEDUNG PEMERINTAH,-0.901154,100.350835,,,,LANGSUNG MENUJU TEA,
SEKTOR G,Zona 34,28,BANK RAKYAT INDONESIA (BRI),BANGUNAN KOMERSIAL,-0.833864,100.32737,,,,LANGSUNG MENUJU TEA,
SEKTOR G,Zona 34,29,HOTEL ROCKY,HOTEL,-0.946854,100.359375,,,,LANGSUNG MENUJU TEA,
SEKTOR G,Zona 34,30,HOTEL DAIMA,HOTEL,-0.938385,100.378487,,,,LANGSUNG MENUJU TEA,
SEKTOR G,Zona 34,32,BANK INDONESIA,BANGUNAN KOMERSIAL,-0.943055,100.36253,,,,LANGSUNG MENUJU TEA,
SEKTOR G,Zona 34,118,SDN 02 DAN 04 PADANG TIMUR,PENDIDIKAN,-0.9672,100.3897,,,,LANGSUNG MENUJU TEA,
SEKTOR G,Zona 35,14,SMKN 2 PADANG,PENDIDIKAN,-0.9678,100.3902,4405.0,46.0,4405.0,JALAN KAKI,Jln. Dr. Sutomo ?  TEA G1 Lahan
SEKTOR G,Zona 35,15,AKPER RANAH MINANG,PENDIDIKAN,-0.9682,100.3908,,,,LANGSUNG MENUJU TEA,
SEKTOR G,Zona 35,117,SMPN 8 PADANG,PENDIDIKAN,-0.950593,100.383119,,,,LANGSUNG MENUJU TEA,
SEKTOR G,Zona 36,16,PLN WILAYAH SUMBAR,GEDUNG PEMERINTAH,-0.947488,100.374624,7303.0,80.0,7303.0,JALAN KAKI,Jln. Sawahan ? Jln. Doktor Wahidin ? Jln. Sisinga Mangaraja ? Jln Dr. Sutomo ? TEA G1 Lahan
SEKTOR G,Zona 36,44,DPRD KOTA PADANG,GEDUNG PEMERINTAH,-0.877144,100.388268,,,,LANGSUNG MENUJU TEA,
SEKTOR G,Zona 36,60,RS TENTARA,FASILITAS KESEHATAN,-0.9702,100.3928,,,,LANGSUNG MENUJU TEA,
SEKTOR G,Zona 37,33,RS SELAGURI,FASILITAS KESEHATAN,-0.942555,100.358125,6586.0,78.65,6586.0,JALAN KAKI,Jln. Damar ? Jln. Ahmad Yani ? Jln. Jendral Sudirman ? Jln. Abdul Muis ? Jln. Perintis Kemerdekaan  ? Jln. Jati Koto Panjang ? Jln. KP Baru ? Jln. Dr. Sutomo ? TEA G1 Lahan
SEKTOR G,Zona 37,34,UNIVERSITAS EKASAKTI,PENDIDIKAN,-0.9712,100.3938,,,,LANGSUNG MENUJU TEA,
SEKTOR G,Zona 37,120,SDN 05 DAN 15 PADANG PASIR,PENDIDIKAN,-0.9718,100.3942,,,,LANGSUNG MENUJU TEA,
SEKTOR G,Zona 38,17,FAKULTAS KEDOKTERAN UNAND,PENDIDIKAN,-0.940746,100.366664,2605.0,25.0,2605.0,JALAN KAKI,Jln. Abdul Ahmad ? Jln. Perintis Kemerdekaan ? Jln. Sawahan ? Jln. Doktor Wahidin ? Jln. Sisinga Mangaraja ? Jln Dr. Sutomo ? TEA G1 Lahan
SEKTOR G,Zona 38,19,KOMPLEK PGAI,LAINNYA,-0.9728,100.3952,,,,LANGSUNG MENUJU TEA,
SEKTOR G,Zona 38,31,RSUP M JAMIL,FASILITAS KESEHATAN,-0.943101,100.367167,,,,LANGSUNG MENUJU TEA,
SEKTOR G,Zona 40,119,SMPN 30 PADANG,PENDIDIKAN,-0.9738,100.3962,1303.0,16.0,1303.0,JALAN KAKI,Jln. Jati Rumah Gadang ? Jln. KP Baru ? Jln. Dr. Sutomo ? TEA G1 Lahan
SEKTOR G,Zona 41,36,RS YOS SUDARSO,FASILITAS KESEHATAN,-0.9618,100.3952,5107.0,51.0,5107.0,JALAN KAKI,Jln. Koto Tiggi ? Jln. Perintis Kemerdekaan  ? Jln. Jati Koto Panjang ? Jln. KP Baru ? Jln. Dr. Sutomo ? TEA G1 Lahan
SEKTOR G,Zona 41,121,SMKN 6 PADANG,PENDIDIKAN,-0.936863,100.364778,,,,LANGSUNG MENUJU TEA,
SEKTOR G,Zona 41,122,FAKULTAS EKONOMI UNAND,PENDIDIKAN,-0.936914,100.365359,,,,LANGSUNG MENUJU TEA,
SEKTOR G,Zona 41,123,SDN 21 DAN 26,PENDIDIKAN,-0.9758,100.3982,,,,LANGSUNG MENUJU TEA,
SEKTOR G,Zona 41,159,SMAN 10 PADANG,PENDIDIKAN,-0.93634,100.363944,,,,LANGSUNG MENUJU TEA,
SEKTOR G,Zona 43,35,ESCAPE BUILDING KANTOR GEBERNUR,GEDUNG PEMERINTAH,-0.938026,100.351199,4314.0,43.11,4314.0,JALAN KAKI,Jln. Purus 5 ? Jln. Ujung Gurun ? Jln. Mangun Sarkoro ? Jln. Perintis Kemerdekaan ? Jln. Adabiah ? Jln. Jati Koto Panjang ? Jln. KP Baru ? Jln. Dr. Sutomo ? TEA G1 Lahan
SEKTOR G,Zona 43,37,POLDA SUMBAR,GEDUNG PEMERINTAH,-0.936156,100.360516,,,,LANGSUNG MENUJU TEA,
SEKTOR G,Zona 43,40,SD N 23 / 24 UJUNG GURUN,PENDIDIKAN,-0.9778,100.4002,,,,LANGSUNG MENUJU TEA,
SEKTOR G,Zona 44,38,GEDUNG JASA RAHARJA,GEDUNG PEMERINTAH,-0.931653,100.355704,3046.0,42.29,3046.0,JALAN KAKI,Jln. Ujung Gurun ? Jln. Mangun Sarkoro ? Jln. Perintis Kemerdekaan ? Jln. Adabiah ? Jln. Jati Koto Panjang ? Jln. KP Baru ? Jln. Dr. Sutomo ? TEA G1 Lahan
SEKTOR G,Zona 44,39,BTN,BANGUNAN KOMERSIAL,-0.933697,100.361622,,,,LANGSUNG MENUJU TEA,
SEKTOR G,Zona 44,41,GEDUNG PETERNAKAN,GEDUNG PEMERINTAH,-0.9792,100.4018,,,,LANGSUNG MENUJU TEA,
SEKTOR G,Zona 45,18,ADABIAH,PENDIDIKAN,-0.933609,100.367999,5003.0,41.0,5003.0,JALAN KAKI,Jln. Perintis Kemerdekaan ? Jln. Adabiah ? Jln. Jati Koto Panjang ? Jln. KP Baru ? Jln. Dr. Sutomo ? TEA G1 Lahan
SEKTOR H,Zona 1,137,BUKIT di Teluk Kabung Selatan,BUKIT/LAHAN,-1.046256,100.413558,1462.0,85.53,1462.0,JALAN KAKI,Jln. Teluk Kabung Selatan ? Jln. Raya Padang Pesisir Selatan ? TEA H1 Lahan
SEKTOR H,Zona 1,138,BUKIT di Teluk Kabung Tengah,BUKIT/LAHAN,-1.073951,100.418662,,,,LANGSUNG MENUJU TEA,
SEKTOR H,Zona 2,139,BUKIT di Teluk Kabung Tengah,BUKIT/LAHAN,-1.073951,100.418662,1831.0,79.65,1831.0,JALAN KAKI,Jln. Teluk Kabung Tengah ? Jln. Raya Padang Pesisir Selatan ? TEA H1 Lahan
SEKTOR H,Zona 2,140,BUKIT di Teluk Kabung Tengah,BUKIT/LAHAN,-1.073951,100.418662,,,,LANGSUNG MENUJU TEA,
SEKTOR H,Zona 3,141,BUKIT di Teluk Kabung Utara,BUKIT/LAHAN,-1.05453,100.413088,1758.0,41.51,1758.0,JALAN KAKI,Jln. Teluk Kabung Utara ? Jln. Raya Padang Pesisir Selatan ? TEA H1 Lahan
SEKTOR H,Zona 4,142,BUKIT di Teluk Kabung Utara,BUKIT/LAHAN,-1.05453,100.413088,1636.0,51.85,1636.0,JALAN KAKI,Jln. Teluk Kabung Utara ? Jln. Raya Padang Pesisir Selatan ? TEA H1 Lahan
SEKTOR H,Zona 5,143,BUKIT Kelurahan Bungus Barat,BUKIT/LAHAN,-1.0202,100.413652,2186.0,56.23,2186.0,JALAN KAKI,Jln. Raya Padang Pesisir Selatan ? TEA H1 Lahan
SEKTOR H,Zona 7,144,BUKIT di Kelurahan Bungus Barat,BUKIT/LAHAN,-1.02765,100.413652,724.0,37.0,724.0,JALAN KAKI,Jln. Koto Gadang ? Jln. Raya Padang Pesisir Selatan ? TEA H1 Lahan
SEKTOR H,Zona 8,145,BUKIT di Kelurahan Bungus Barat,BUKIT/LAHAN,-1.02765,100.413652,1588.0,59.24,1588.0,JALAN KAKI,Jln. Kelurahan Bungus Barat ? Jln. Raya Padang Pesisir Selatan ? TEA H1 Lahan
SEKTOR H,Zona 8,146,BUKIT di Kelurahan Bungus Barat,BUKIT/LAHAN,-1.02765,100.413652,,,,LANGSUNG MENUJU TEA,
SEKTOR H,Zona 9,147,SDN 15 PADANG,PENDIDIKAN,-0.939492,100.358651,2372.0,70.0,2372.0,JALAN KAKI,Jln. Kelurahan Bungus Barat ? Jln. Raya Padang Pesisir Selatan ? TEA H1 Lahan
SEKTOR H,Zona 9,107,SDN 18 Lubuk Tarok,PENDIDIKAN,-1.0152,100.4140,,,,LANGSUNG MENUJU TEA,
SEKTOR H,Zona 11,108,SDN 09 Kayu Aro Bungus Telkab,PENDIDIKAN,-1.0122,100.4145,1710.0,52.0,1710.0,JALAN KAKI,Jln. Kelurahan Bungus Barat ? Jln. Raya Padang Pesisir Selatan ? TEA H1 Lahan
SEKTOR H,Zona 11,109,SDN 17 KAYU ARO,PENDIDIKAN,-1.016828,100.416099,,,,LANGSUNG MENUJU TEA,
SEKTOR I,Zona 10,148,BUKIT di Kelurahan Gates Nan XX,BUKIT/LAHAN,-1.009281,100.392605,488.0,46.17,488.0,JALAN KAKI,Jln. Kelurahan Gates Nan XX ? Jln. By. Pass ? TEA I1 Lahan
SEKTOR I,Zona 10,149,BUKIT di Kelurahan Gates Nan XX,BUKIT/LAHAN,-1.009281,100.392605,,,,LANGSUNG MENUJU TEA,
SEKTOR I,Zona 12,136,BUKIT di Kelurahan Gates Nan XX,BUKIT/LAHAN,-1.009281,100.392605,2493.0,46.31,2493.0,JALAN KAKI,Jln. Kelurahan Gates Nan XX ? Jln. By. Pass ? TEA I1 Lahan
SEKTOR I,Zona 12,150,BUKIT di Kelurahan Gates Nan XX,BUKIT/LAHAN,-1.009281,100.392605,,,,LANGSUNG MENUJU TEA,
SEKTOR I,Zona 13,135,BUKIT GAUANG,BUKIT/LAHAN,-0.9887,100.3831,1096.0,40.92,1096.0,JALAN KAKI,Jln. Kelurahan Gates Nan XX ? Jln. By. Pass ? TEA I1 Lahan
SEKTOR I,Zona 14,1,BUKIT LANTAMAL 2,BUKIT/LAHAN,-0.9887,100.3831,1682.0,56.8,1682.0,JALAN KAKI,Jln. Taluak Bayua ? Jln. Tanjung Periok ? Jln. Kelurahan Rawang ? TEA I1 Lahan
SEKTOR I,Zona 14,129,BUKIT KARAM,BUKIT/LAHAN,-0.9887,100.3831,,,,LANGSUNG MENUJU TEA,
SEKTOR I,Zona 15,130,BUKIT KARAM,BUKIT/LAHAN,-0.9887,100.3831,1063.0,22.89,1063.0,JALAN KAKI,Jln. Taluak Bayua ? Jln. Tanjung Periok ? Jln. Kelurahan Rawang ? TEA I1 Lahan
SEKTOR I,Zona 16,2,BUKIT GAUNG,BUKIT/LAHAN,-0.9887,100.3831,4939.0,71.36,4939.0,JALAN KAKI,Jln. Kelurahan Gates Nan XX ? Jln. By. Pass ? TEA I1 Lahan
SEKTOR I,Zona 16,134,BUKIT PUTUIH,BUKIT/LAHAN,-0.9887,100.3831,,,,LANGSUNG MENUJU TEA,
SEKTOR I,Zona 16,133,KANTOR LANTAMAL,GEDUNG PEMERINTAH,-0.9887,100.3831,,,,LANGSUNG MENUJU TEA,
SEKTOR I,Zona 16,132,BUKIT PUTUIH,BUKIT/LAHAN,-0.9887,100.3831,,,,LANGSUNG MENUJU TEA,
SEKTOR I,Zona 17,131,"BUKIT KARAM, SAR KOTA PADANG",BUKIT/LAHAN,-0.992383,100.365478,589.0,68.66,589.0,JALAN KAKI,Jln. Air Manis ? Jln. Sultan Syahrir ? TEA I1 Lahan
SEKTOR I,Zona 18,3,BUKIT AIR MANIS,BUKIT/LAHAN,-0.992383,100.365478,669.0,55.47,669.0,LANGSUNG MENUJU TEA,Jln. Air Manis ? Jln. Sultan Syahrir ? TEA I1 Lahan
SEKTOR I,Zona 18,128,BUKIT AIR MANIS,BUKIT/LAHAN,-0.9850,100.3750,,,,JALAN KAKI,
SEKTOR I,Zona 19,110,SDN 10 & 17 Mato Air,PENDIDIKAN,-0.9738,100.3818,12212.0,105.0,12212.0,JALAN KAKI,Jln. Kelurahan Mato Aie ? Jln. Kelurahan Koto Baru Nan XX ? TEA I1 Lahan
SEKTOR I,Zona 19,111,SMPN 20 Padang,PENDIDIKAN,-0.9738,100.3818,,,,LANGSUNG MENUJU TEA,
SEKTOR I,Zona 20,112,SDN 17 Bukit Baru,BUKIT/LAHAN,-0.9738,100.3818,3335.0,36.0,3335.0,JALAN KAKI,Jln. Kelurahan Koto Baru Nan XX ? TEA I1 Lahan
SEKTOR I,Zona 21,124,BUKIT GADO GADO,BUKIT/LAHAN,-0.988163,100.368046,3792.0,50.67,3792.0,JALAN KAKI,Jln. Kelurahan Batang Arau ? Jln. Kelurahan Sebrang Palinggam ? Jln. Kelurahan Sebrang Padang ? Jln. Parak Pisang ? Jln. Air Camar ? Jln. Sultan Syahrir ? TEA I1 Lahan
SEKTOR I,Zona 21,126,BUKIT GADO GADO,BUKIT/LAHAN,-0.988163,100.368046,,,,LANGSUNG MENUJU TEA,
SEKTOR I,Zona 21,127,BUKIT KUBURAN SITINURBAYA,BUKIT/LAHAN,-0.988163,100.368046,,,,LANGSUNG MENUJU TEA,
SEKTOR I,Zona 23,125,BUKIT GADO GADO,BUKIT/LAHAN,-0.988163,100.368046,5177.0,53.0,5177.0,JALAN KAKI,Jln. Kelurahan Sebrang Palinggam ? Jln. Kelurahan Sebrang Padang ? Jln. Parak Pisang ? Jln. Air Camar ? Jln. Sultan Syahrir ? TEA I1 Lahan
